https://sylvan.apple.com/Aerials/2x/Videos/comp_GMT312_162NC_139M_1041_AFRICA_NIGHT_v14_HDR_FINAL_20180706_HDR_4K_HEVC.mov,Africa Night comp_GMT312_162NC_139M_1041_AFRICA_NIGHT_v14_HDR_FINAL_20180706_HDR_4K_HEVC.mov
https://sylvan.apple.com/Aerials/2x/Videos/comp_A103_C002_0205DG_v12_HDR_FINAL_20180706_HDR_4K_HEVC.mov,Africa and the Middle East comp_A103_C002_0205DG_v12_HDR_FINAL_20180706_HDR_4K_HEVC.mov
https://sylvan.apple.com/Aerials/2x/Videos/comp_GMT110_112NC_364D_1054_AURORA_ANTARTICA__COMP_FINAL_v34_PS_HDR_20181107_HDR_4K_HEVC.mov,Antarctica comp_GMT110_112NC_364D_1054_AURORA_ANTARTICA__COMP_FINAL_v34_PS_HDR_20181107_HDR_4K_HEVC.mov
https://sylvan.apple.com/Aerials/2x/Videos/comp_GMT306_139NC_139J_3066_CALI_TO_VEGAS_v08_HDR_PS_20180824_HDR_4K_HEVC.mov,California to Vegas comp_GMT306_139NC_139J_3066_CALI_TO_VEGAS_v08_HDR_PS_20180824_HDR_4K_HEVC.mov
https://sylvan.apple.com/Aerials/2x/Videos/comp_GMT308_139K_142NC_CARIBBEAN_DAY_v09_HDR_PS_FINAL_22062018_HDR_4K_HEVC.mov,Caribbean Day comp_GMT308_139K_142NC_CARIBBEAN_DAY_v09_HDR_PS_FINAL_22062018_HDR_4K_HEVC.mov
https://sylvan.apple.com/Aerials/2x/Videos/comp_A108_C001_v09_HDR_PS_FINAL_22062018_HDR_4K_HEVC.mov,Caribbean comp_A108_C001_v09_HDR_PS_FINAL_22062018_HDR_4K_HEVC.mov
https://sylvan.apple.com/Aerials/2x/Videos/comp_C001_C005_PS_v01_HDR_PS_20180925_HDR_4K_HEVC.mov,China comp_C001_C005_PS_v01_HDR_PS_20180925_HDR_4K_HEVC.mov
https://sylvan.apple.com/Aerials/2x/Videos/comp_C003_C003_PS_v01_HDR_PS_20180925_HDR_4K_HEVC.mov,China comp_C003_C003_PS_v01_HDR_PS_20180925_HDR_4K_HEVC.mov
https://sylvan.apple.com/Aerials/2x/Videos/comp_C004_C003_PS_v01_HDR_PS_20180925_HDR_4K_HEVC.mov,China comp_C004_C003_PS_v01_HDR_PS_20180925_HDR_4K_HEVC.mov
https://sylvan.apple.com/Aerials/2x/Videos/comp_CH_C002_C005_PSNK_v05_HDR_FINAL_20180709_HDR_4K_HEVC.mov,China comp_CH_C002_C005_PSNK_v05_HDR_FINAL_20180709_HDR_4K_HEVC.mov
https://sylvan.apple.com/Aerials/2x/Videos/comp_CH_C007_C004_PSNK_v02_HDR_FINAL_20180709_HDR_4K_HEVC.mov,China comp_CH_C007_C004_PSNK_v02_HDR_FINAL_20180709_HDR_4K_HEVC.mov
https://sylvan.apple.com/Aerials/2x/Videos/comp_CH_C007_C011_PSNK_v02_HDR_FINAL_20180709_HDR_4K_HEVC.mov,China comp_CH_C007_C011_PSNK_v02_HDR_FINAL_20180709_HDR_4K_HEVC.mov
https://sylvan.apple.com/Aerials/2x/Videos/comp_GMT329_113NC_396B_1105_CHINA_v04_HDR_FINAL_20180706_F900F2700_HDR_4K_HEVC.mov,China comp_GMT329_113NC_396B_1105_CHINA_v04_HDR_FINAL_20180706_F900F2700_HDR_4K_HEVC.mov
https://sylvan.apple.com/Aerials/2x/Videos/comp_DB_D001_C001_PSNK_v06_HDR_PS_20180824_HDR_4K_HEVC.mov,Dubai comp_DB_D001_C001_PSNK_v06_HDR_PS_20180824_HDR_4K_HEVC.mov
https://sylvan.apple.com/Aerials/2x/Videos/comp_DB_D001_C005_COMP_PSNK_v12_HDR_PS_20180912_HDR_4K_HEVC.mov,Dubai comp_DB_D001_C005_COMP_PSNK_v12_HDR_PS_20180912_HDR_4K_HEVC.mov
https://sylvan.apple.com/Aerials/2x/Videos/comp_DB_D002_C003_PSNK_v04_HDR_PS_20180914_HDR_4K_HEVC.mov,Dubai comp_DB_D002_C003_PSNK_v04_HDR_PS_20180914_HDR_4K_HEVC.mov
https://sylvan.apple.com/Aerials/2x/Videos/comp_DB_D008_C010_PSNK_v21_HDR_PS_20180914_F0F16157_HDR_4K_HEVC.mov,Dubai comp_DB_D008_C010_PSNK_v21_HDR_PS_20180914_F0F16157_HDR_4K_HEVC.mov
https://sylvan.apple.com/Aerials/2x/Videos/comp_DB_D011_C010_PSNK_DENOISE_v19_HDR_PS_20180914_HDR_4K_HEVC.mov,Dubai comp_DB_D011_C010_PSNK_DENOISE_v19_HDR_PS_20180914_HDR_4K_HEVC.mov
https://sylvan.apple.com/Aerials/2x/Videos/comp_GL_G002_C002_PSNK_v03_HDR_PS_20180925_HDR_4K_tuned.mov,Greenland comp_GL_G002_C002_PSNK_v03_HDR_PS_20180925_HDR_4K_tuned.mov
https://sylvan.apple.com/Aerials/2x/Videos/comp_GL_G004_C010_PSNK_v04_HDR_FINAL_20180709_HDR_4K_HEVC.mov,Greenland comp_GL_G004_C010_PSNK_v04_HDR_FINAL_20180709_HDR_4K_HEVC.mov
https://sylvan.apple.com/Aerials/2x/Videos/comp_GL_G010_C006_PSNK_NOSUN_v12_HDR_FINAL_20180709_HDR_4K_HEVC.mov,Greenland comp_GL_G010_C006_PSNK_NOSUN_v12_HDR_FINAL_20180709_HDR_4K_HEVC.mov
https://sylvan.apple.com/Aerials/2x/Videos/comp_H004_C007_PS_v02_HDR_PS_20180925_HDR_4K_HEVC.mov,Hawaii comp_H004_C007_PS_v02_HDR_PS_20180925_HDR_4K_HEVC.mov
https://sylvan.apple.com/Aerials/2x/Videos/comp_H004_C009_PS_v01_HDR_PS_20180925_HDR_4K_HEVC.mov,Hawaii comp_H004_C009_PS_v01_HDR_PS_20180925_HDR_4K_HEVC.mov
https://sylvan.apple.com/Aerials/2x/Videos/comp_H005_C012_PS_v01_HDR_PS_20180925_HDR_4K_HEVC.mov,Hawaii comp_H005_C012_PS_v01_HDR_PS_20180925_HDR_4K_HEVC.mov
https://sylvan.apple.com/Aerials/2x/Videos/comp_H007_C003_PS_v01_HDR_PS_20180925_HDR_4K_tuned.mov,Hawaii comp_H007_C003_PS_v01_HDR_PS_20180925_HDR_4K_tuned.mov
https://sylvan.apple.com/Aerials/2x/Videos/comp_H012_C009_PS_v01_HDR_PS_20180925_HDR_4K_HEVC.mov,Hawaii comp_H012_C009_PS_v01_HDR_PS_20180925_HDR_4K_HEVC.mov
https://sylvan.apple.com/Aerials/2x/Videos/HK_H004_C013_4K_HDR_HEVC.mov,Hong Kong HK_H004_C013_4K_HDR_HEVC.mov
https://sylvan.apple.com/Aerials/2x/Videos/comp_HK_B005_C011_PSNK_v16_HDR_PS_20180914_HDR_4K_HEVC.mov,Hong Kong comp_HK_B005_C011_PSNK_v16_HDR_PS_20180914_HDR_4K_HEVC.mov
https://sylvan.apple.com/Aerials/2x/Videos/comp_HK_H004_C008_PSNK_v19_HDR_PS_20180914_HDR_4K_HEVC.mov,Hong Kong comp_HK_H004_C008_PSNK_v19_HDR_PS_20180914_HDR_4K_HEVC.mov
https://sylvan.apple.com/Aerials/2x/Videos/comp_HK_H004_C010_PSNK_v08_HDR_PS_20181009_HDR_4K_HEVC.mov,Hong Kong comp_HK_H004_C010_PSNK_v08_HDR_PS_20181009_HDR_4K_HEVC.mov
https://sylvan.apple.com/Aerials/2x/Videos/comp_A083_C002_1130KZ_v04_HDR_PS_FINAL_20180725_HDR_4K_HEVC.mov,Iran and Afghanistan comp_A083_C002_1130KZ_v04_HDR_PS_FINAL_20180725_HDR_4K_HEVC.mov
https://sylvan.apple.com/Aerials/2x/Videos/comp_GMT329_117NC_401C_1037_IRELAND_TO_ASIA_v48_HDR_PS_FINAL_20180725_F0F6300_HDR_4K_HEVC.mov,Ireland to Asia comp_GMT329_117NC_401C_1037_IRELAND_TO_ASIA_v48_HDR_PS_FINAL_20180725_F0F6300_HDR_4K_HEVC.mov
https://sylvan.apple.com/Aerials/2x/Videos/comp_GMT329_113NC_396B_1105_ITALY_TO_ASIA_v03_HDR_PS_20180824_HDR_4K_HEVC.mov,Italy to Asia comp_GMT329_113NC_396B_1105_ITALY_TO_ASIA_v03_HDR_PS_20180824_HDR_4K_HEVC.mov
https://sylvan.apple.com/Aerials/2x/Videos/comp_GMT026_363A_103NC_E1027_KOREA_JAPAN_NIGHT_v18_HDR_PS_20180907_HDR_4K_HEVC.mov,Korean and Japan Night comp_GMT026_363A_103NC_E1027_KOREA_JAPAN_NIGHT_v18_HDR_PS_20180907_HDR_4K_HEVC.mov
https://sylvan.apple.com/Aerials/2x/Videos/comp_LW_L001_C003__PSNK_DENOISE_v04_HDR_PS_FINAL_20180803_HDR_4K_HEVC.mov,Liwa comp_LW_L001_C003__PSNK_DENOISE_v04_HDR_PS_FINAL_20180803_HDR_4K_HEVC.mov
https://sylvan.apple.com/Aerials/2x/Videos/comp_LW_L001_C006_PSNK_DENOISE_v02_HDR_FINAL_20180709_HDR_4K_HEVC.mov,Liwa comp_LW_L001_C006_PSNK_DENOISE_v02_HDR_FINAL_20180709_HDR_4K_HEVC.mov
https://sylvan.apple.com/Aerials/2x/Videos/comp_L004_C011_PS_v01_HDR_PS_20180925_HDR_4K_HEVC.mov,London comp_L004_C011_PS_v01_HDR_PS_20180925_HDR_4K_HEVC.mov
https://sylvan.apple.com/Aerials/2x/Videos/comp_L007_C007_PS_v01_HDR_PS_20180925_HDR_4K_HEVC.mov,London comp_L007_C007_PS_v01_HDR_PS_20180925_HDR_4K_HEVC.mov
https://sylvan.apple.com/Aerials/2x/Videos/comp_L010_C006_PS_v01_HDR_PS_20180925_HDR_4K_HEVC.mov,London comp_L010_C006_PS_v01_HDR_PS_20180925_HDR_4K_HEVC.mov
https://sylvan.apple.com/Aerials/2x/Videos/comp_L012_C002_PS_v01_HDR_PS_20180925_HDR_4K_HEVC.mov,London comp_L012_C002_PS_v01_HDR_PS_20180925_HDR_4K_HEVC.mov
https://sylvan.apple.com/Aerials/2x/Videos/comp_LA_A005_C009_PSNK_ALT_v09_HDR_PS_20180914_HDR_4K_HEVC.mov,Los Angeles comp_LA_A005_C009_PSNK_ALT_v09_HDR_PS_20180914_HDR_4K_HEVC.mov
https://sylvan.apple.com/Aerials/2x/Videos/comp_LA_A006_C004_v01_HDR_FINAL_PS_20180730_HDR_4K_HEVC.mov,Los Angeles comp_LA_A006_C004_v01_HDR_FINAL_PS_20180730_HDR_4K_HEVC.mov
https://sylvan.apple.com/Aerials/2x/Videos/comp_LA_A006_C008_PSNK_ALL_LOGOS_v10_HDR_PS_FINAL_20180801_HDR_4K_HEVC.mov,Los Angeles comp_LA_A006_C008_PSNK_ALL_LOGOS_v10_HDR_PS_FINAL_20180801_HDR_4K_HEVC.mov
https://sylvan.apple.com/Aerials/2x/Videos/comp_LA_A008_C004_ALTB_ED_FROM_FLAME_RETIME_v46_HDR_PS_20180917_HDR_4K_HEVC.mov,Los Angeles comp_LA_A008_C004_ALTB_ED_FROM_FLAME_RETIME_v46_HDR_PS_20180917_HDR_4K_HEVC.mov
https://sylvan.apple.com/Aerials/2x/Videos/comp_LA_A009_C009_PSNK_v02_HDR_FINAL_20180709_HDR_4K_HEVC.mov,Los Angeles comp_LA_A009_C009_PSNK_v02_HDR_FINAL_20180709_HDR_4K_HEVC.mov
https://sylvan.apple.com/Aerials/2x/Videos/comp_LA_A011_C003_DGRN_LNFIX_STAB_v57_HDR_PS_20181002_HDR_4K_HEVC.mov,Los Angeles comp_LA_A011_C003_DGRN_LNFIX_STAB_v57_HDR_PS_20181002_HDR_4K_HEVC.mov
https://sylvan.apple.com/Aerials/2x/Videos/comp_GMT307_136NC_134K_8277_NY_NIGHT_01_v25_HDR_PS_20180907_HDR_4K_HEVC.mov,New York Night comp_GMT307_136NC_134K_8277_NY_NIGHT_01_v25_HDR_PS_20180907_HDR_4K_HEVC.mov
https://sylvan.apple.com/Aerials/2x/Videos/comp_N003_C006_PS_v01_HDR_PS_20180925_HDR_4K_HEVC.mov,New York comp_N003_C006_PS_v01_HDR_PS_20180925_HDR_4K_HEVC.mov
https://sylvan.apple.com/Aerials/2x/Videos/comp_N008_C003_PS_v01_HDR_PS_20180925_HDR_4K_HEVC.mov,New York comp_N008_C003_PS_v01_HDR_PS_20180925_HDR_4K_HEVC.mov
https://sylvan.apple.com/Aerials/2x/Videos/comp_N008_C009_PS_v01_HDR_PS_20180925_HDR_4K_HEVC.mov,New York comp_N008_C009_PS_v01_HDR_PS_20180925_HDR_4K_HEVC.mov
https://sylvan.apple.com/Aerials/2x/Videos/comp_N013_C004_PS_v01_HDR_PS_20180925_F1970F7193_HDR_4K_HEVC.mov,New York comp_N013_C004_PS_v01_HDR_PS_20180925_F1970F7193_HDR_4K_HEVC.mov
https://sylvan.apple.com/Aerials/2x/Videos/comp_A105_C003_0212CT_FLARE_v10_HDR_PS_FINAL_20180711_HDR_4K_HEVC.mov,New Zealand comp_A105_C003_0212CT_FLARE_v10_HDR_PS_FINAL_20180711_HDR_4K_HEVC.mov
https://sylvan.apple.com/Aerials/2x/Videos/comp_GMT314_139M_170NC_NORTH_AMERICA_AURORA__COMP_v22_HDR_20181206_v12CC_HDR_4K_HEVC.mov,North America Aurora comp_GMT314_139M_170NC_NORTH_AMERICA_AURORA__COMP_v22_HDR_20181206_v12CC_HDR_4K_HEVC.mov
https://sylvan.apple.com/Aerials/2x/Videos/comp_A009_C001_010181A_v09_HDR_PS_FINAL_20180725_HDR_4K_HEVC.mov,Sahara and Italy comp_A009_C001_010181A_v09_HDR_PS_FINAL_20180725_HDR_4K_HEVC.mov
https://sylvan.apple.com/Aerials/2x/Videos/comp_1223LV_FLARE_v21_HDR_PS_FINAL_20180710_F0F5700_HDR_4K_HEVC.mov,San Francisco comp_1223LV_FLARE_v21_HDR_PS_FINAL_20180710_F0F5700_HDR_4K_HEVC.mov
https://sylvan.apple.com/Aerials/2x/Videos/comp_A006_C003_1219EE_CC_v01_HDR_PS_FINAL_20180710_HDR_4K_HEVC.mov,San Francisco comp_A006_C003_1219EE_CC_v01_HDR_PS_FINAL_20180710_HDR_4K_HEVC.mov
https://sylvan.apple.com/Aerials/2x/Videos/comp_A007_C017_01156B_v02_HDR_PS_20180925_HDR_4K_HEVC.mov,San Francisco comp_A007_C017_01156B_v02_HDR_PS_20180925_HDR_4K_HEVC.mov
https://sylvan.apple.com/Aerials/2x/Videos/comp_A008_C007_011550_CC_v01_HDR_PS_FINAL_20180710_HDR_4K_HEVC.mov,San Francisco comp_A008_C007_011550_CC_v01_HDR_PS_FINAL_20180710_HDR_4K_HEVC.mov
https://sylvan.apple.com/Aerials/2x/Videos/comp_A012_C014_1223PT_v53_HDR_PS_FINAL_20180710_F0F8700_HDR_4K_HEVC.mov,San Francisco comp_A012_C014_1223PT_v53_HDR_PS_FINAL_20180710_F0F8700_HDR_4K_HEVC.mov
https://sylvan.apple.com/Aerials/2x/Videos/comp_A013_C012_0122D6_CC_v01_HDR_PS_FINAL_20180710_HDR_4K_HEVC.mov,San Francisco comp_A013_C012_0122D6_CC_v01_HDR_PS_FINAL_20180710_HDR_4K_HEVC.mov
https://sylvan.apple.com/Aerials/2x/Videos/comp_A015_C018_0128ZS_v03_HDR_PS_FINAL_20180710_HDR_4K_HEVC.mov,San Francisco comp_A015_C018_0128ZS_v03_HDR_PS_FINAL_20180710_HDR_4K_HEVC.mov
https://sylvan.apple.com/Aerials/2x/Videos/comp_A114_C001_0305OT_v10_HDR_FINAL_22062018_Bert_HDR_4K_HEVC.mov,Southern California to Baja comp_A114_C001_0305OT_v10_HDR_FINAL_22062018_Bert_HDR_4K_HEVC.mov
https://sylvan.apple.com/Aerials/2x/Videos/comp_A001_C004_1207W5_v23_HDR_FINAL_20180706_HDR_4K_HEVC.mov,West Africa to the Alps comp_A001_C004_1207W5_v23_HDR_FINAL_20180706_HDR_4K_HEVC.mov
